{
  "openapi" : "3.0.1",
  "info" : {
    "title" : "defaultTitle",
    "description" : "defaultDescription",
    "version" : "0.1"
  },
  "servers" : [ {
    "url" : "https://jsonplaceholder.typicode.com"
  } ],
  "paths" : {
    "/comments" : {
      "get" : {
        "description" : "Auto generated using Swagger Inspector",
        "responses" : {
          "200" : {
            "description" : "Auto generated using Swagger Inspector"
          }
        },
        "servers" : [ {
          "url" : "https://jsonplaceholder.typicode.com"
        } ]
      },
      "servers" : [ {
        "url" : "https://jsonplaceholder.typicode.com"
      } ]
    }
  },
  "components" : { }
}